{
    "__comment": "Model generated using MrCrayfish's Model Creator (https://mrcrayfish.com/tools?id=mc)",
    "textures": {
        "particle": "minecraft:blocks/planks_birch",
        "planks_oak": "minecraft:blocks/planks_birch"
    },
    "display": {

    },
    "elements": [
        {
            "name": "Cube",
            "from": [ 0, 0, 0 ], 
            "to": [ 16, 16, 16 ], 
            "shade": false,
            "faces": {
                "north": { "texture": "#planks_oak", "uv": [ 0, 0, 16, 16 ] },
                "east": { "texture": "#planks_oak", "uv": [ 0, 0, 16, 16 ] },
                "south": { "texture": "#planks_oak", "uv": [ 0, 0, 16, 16 ] },
                "west": { "texture": "#planks_oak", "uv": [ 0, 0, 16, 16 ] },
                "up": { "texture": "#planks_oak", "uv": [ 0, 0, 16, 16 ] },
                "down": { "texture": "#planks_oak", "uv": [ 0, 0, 16, 16 ] }
            }
        },
        {
            "name": "Cube",
            "from": [ 0, -1, 13 ], 
            "to": [ 15, 0, 16 ], 
            "faces": {
                "north": { "texture": "#planks_oak", "uv": [ 0, 0, 15, 1 ] },
                "east": { "texture": "#planks_oak", "uv": [ 0, 0, 3, 1 ] },
                "south": { "texture": "#planks_oak", "uv": [ 0, 0, 15, 1 ] },
                "west": { "texture": "#planks_oak", "uv": [ 0, 0, 3, 1 ] },
                "down": { "texture": "#planks_oak", "uv": [ 0, 0, 15, 3 ] }
            }
        },
        {
            "name": "Cube",
            "from": [ 0, -1, 5 ], 
            "to": [ 15, 0, 8 ], 
            "faces": {
                "north": { "texture": "#planks_oak", "uv": [ 0, 0, 15, 1 ] },
                "east": { "texture": "#planks_oak", "uv": [ 0, 0, 3, 1 ] },
                "south": { "texture": "#planks_oak", "uv": [ 0, 0, 15, 1 ] },
                "west": { "texture": "#planks_oak", "uv": [ 0, 0, 3, 1 ] },
                "down": { "texture": "#planks_oak", "uv": [ 0, 8, 15, 11 ] }
            }
        },
        {
            "name": "Cube",
            "from": [ 0, -1, 9 ], 
            "to": [ 7, 0, 12 ], 
            "faces": {
                "north": { "texture": "#planks_oak", "uv": [ 0, 0, 7, 1 ] },
                "east": { "texture": "#planks_oak", "uv": [ 0, 0, 3, 1 ] },
                "south": { "texture": "#planks_oak", "uv": [ 0, 0, 7, 1 ] },
                "west": { "texture": "#planks_oak", "uv": [ 0, 0, 3, 1 ] },
                "down": { "texture": "#planks_oak", "uv": [ 0, 4, 7, 7 ] }
            }
        },
        {
            "name": "Cube",
            "from": [ 8, -1, 9 ], 
            "to": [ 16, 0, 12 ], 
            "faces": {
                "north": { "texture": "#planks_oak", "uv": [ 0, 0, 8, 1 ] },
                "east": { "texture": "#planks_oak", "uv": [ 0, 0, 3, 1 ] },
                "south": { "texture": "#planks_oak", "uv": [ 0, 0, 8, 1 ] },
                "west": { "texture": "#planks_oak", "uv": [ 0, 0, 3, 1 ] },
                "down": { "texture": "#planks_oak", "uv": [ 8, 4, 16, 7 ] }
            }
        },
        {
            "name": "Cube",
            "from": [ 8, -1, 1 ], 
            "to": [ 16, 0, 4 ], 
            "faces": {
                "north": { "texture": "#planks_oak", "uv": [ 0, 0, 8, 1 ] },
                "east": { "texture": "#planks_oak", "uv": [ 0, 0, 3, 1 ] },
                "south": { "texture": "#planks_oak", "uv": [ 0, 0, 8, 1 ] },
                "west": { "texture": "#planks_oak", "uv": [ 0, 0, 3, 1 ] },
                "down": { "texture": "#planks_oak", "uv": [ 8, 12, 16, 15 ] }
            }
        },
        {
            "name": "Cube",
            "from": [ 0, -1, 1 ], 
            "to": [ 7, 0, 4 ], 
            "faces": {
                "north": { "texture": "#planks_oak", "uv": [ 0, 0, 7, 1 ] },
                "east": { "texture": "#planks_oak", "uv": [ 0, 0, 3, 1 ] },
                "south": { "texture": "#planks_oak", "uv": [ 0, 0, 7, 1 ] },
                "west": { "texture": "#planks_oak", "uv": [ 0, 0, 3, 1 ] },
                "down": { "texture": "#planks_oak", "uv": [ 0, 12, 7, 15 ] }
            }
        },
        {
            "name": "Cube",
            "from": [ 16, 13, 1 ], 
            "to": [ 17, 16, 16 ], 
            "faces": {
                "north": { "texture": "#planks_oak", "uv": [ 0, 0, 1, 3 ] },
                "east": { "texture": "#planks_oak", "uv": [ 0, 0, 15, 3 ] },
                "south": { "texture": "#planks_oak", "uv": [ 0, 0, 1, 3 ] },
                "up": { "texture": "#planks_oak", "uv": [ 0, 0, 1, 15 ] },
                "down": { "texture": "#planks_oak", "uv": [ 0, 0, 1, 15 ] }
            }
        },
        {
            "name": "Cube",
            "from": [ 16, 5, 1 ], 
            "to": [ 17, 8, 16 ], 
            "faces": {
                "north": { "texture": "#planks_oak", "uv": [ 0, 0, 1, 3 ] },
                "east": { "texture": "#planks_oak", "uv": [ 0, 8, 15, 11 ] },
                "south": { "texture": "#planks_oak", "uv": [ 0, 0, 1, 3 ] },
                "up": { "texture": "#planks_oak", "uv": [ 0, 0, 1, 15 ] },
                "down": { "texture": "#planks_oak", "uv": [ 0, 0, 1, 15 ] }
            }
        },
        {
            "name": "Cube",
            "from": [ 16, 9, 9 ], 
            "to": [ 17, 12, 16 ], 
            "faces": {
                "north": { "texture": "#planks_oak", "uv": [ 0, 0, 1, 3 ] },
                "east": { "texture": "#planks_oak", "uv": [ 0, 4, 7, 7 ] },
                "south": { "texture": "#planks_oak", "uv": [ 0, 0, 1, 3 ] },
                "up": { "texture": "#planks_oak", "uv": [ 0, 0, 1, 7 ] },
                "down": { "texture": "#planks_oak", "uv": [ 0, 0, 1, 7 ] }
            }
        },
        {
            "name": "Cube",
            "from": [ 16, 1, 9 ], 
            "to": [ 17, 4, 16 ], 
            "faces": {
                "north": { "texture": "#planks_oak", "uv": [ 0, 0, 1, 3 ] },
                "east": { "texture": "#planks_oak", "uv": [ 0, 12, 7, 15 ] },
                "south": { "texture": "#planks_oak", "uv": [ 0, 0, 1, 3 ] },
                "up": { "texture": "#planks_oak", "uv": [ 0, 0, 1, 7 ] },
                "down": { "texture": "#planks_oak", "uv": [ 0, 0, 1, 7 ] }
            }
        },
        {
            "name": "Cube",
            "from": [ 16, 1, 0 ], 
            "to": [ 17, 4, 8 ], 
            "faces": {
                "north": { "texture": "#planks_oak", "uv": [ 0, 0, 1, 3 ] },
                "east": { "texture": "#planks_oak", "uv": [ 8, 12, 16, 15 ] },
                "south": { "texture": "#planks_oak", "uv": [ 0, 0, 1, 3 ] },
                "up": { "texture": "#planks_oak", "uv": [ 0, 0, 1, 8 ] },
                "down": { "texture": "#planks_oak", "uv": [ 0, 0, 1, 8 ] }
            }
        },
        {
            "name": "Cube",
            "from": [ 16, 9, 0 ], 
            "to": [ 17, 12, 8 ], 
            "faces": {
                "north": { "texture": "#planks_oak", "uv": [ 0, 0, 1, 3 ] },
                "east": { "texture": "#planks_oak", "uv": [ 8, 4, 16, 7 ] },
                "south": { "texture": "#planks_oak", "uv": [ 0, 0, 1, 3 ] },
                "up": { "texture": "#planks_oak", "uv": [ 0, 0, 1, 8 ] },
                "down": { "texture": "#planks_oak", "uv": [ 0, 0, 1, 8 ] }
            }
        },
        {
            "name": "Cube",
            "from": [ 1, 13, -1 ], 
            "to": [ 16, 16, 0 ], 
            "faces": {
                "north": { "texture": "#planks_oak", "uv": [ 0, 0, 15, 3 ] },
                "east": { "texture": "#planks_oak", "uv": [ 0, 0, 1, 3 ] },
                "west": { "texture": "#planks_oak", "uv": [ 0, 0, 1, 3 ] },
                "up": { "texture": "#planks_oak", "uv": [ 0, 0, 15, 1 ] },
                "down": { "texture": "#planks_oak", "uv": [ 0, 0, 15, 1 ] }
            }
        },
        {
            "name": "Cube",
            "from": [ 1, 5, -1 ], 
            "to": [ 16, 8, 0 ], 
            "faces": {
                "north": { "texture": "#planks_oak", "uv": [ 0, 8, 15, 11 ] },
                "east": { "texture": "#planks_oak", "uv": [ 0, 0, 1, 3 ] },
                "west": { "texture": "#planks_oak", "uv": [ 0, 0, 1, 3 ] },
                "up": { "texture": "#planks_oak", "uv": [ 0, 0, 15, 1 ] },
                "down": { "texture": "#planks_oak", "uv": [ 0, 0, 15, 1 ] }
            }
        },
        {
            "name": "Cube",
            "from": [ 9, 9, -1 ], 
            "to": [ 16, 12, 0 ], 
            "faces": {
                "north": { "texture": "#planks_oak", "uv": [ 0, 4, 7, 7 ] },
                "east": { "texture": "#planks_oak", "uv": [ 0, 0, 1, 3 ] },
                "west": { "texture": "#planks_oak", "uv": [ 0, 0, 1, 3 ] },
                "up": { "texture": "#planks_oak", "uv": [ 0, 0, 7, 1 ] },
                "down": { "texture": "#planks_oak", "uv": [ 0, 0, 7, 1 ] }
            }
        },
        {
            "name": "Cube",
            "from": [ 9, 1, -1 ], 
            "to": [ 16, 4, 0 ], 
            "faces": {
                "north": { "texture": "#planks_oak", "uv": [ 0, 12, 7, 15 ] },
                "east": { "texture": "#planks_oak", "uv": [ 0, 0, 1, 3 ] },
                "west": { "texture": "#planks_oak", "uv": [ 0, 0, 1, 3 ] },
                "up": { "texture": "#planks_oak", "uv": [ 0, 0, 7, 1 ] },
                "down": { "texture": "#planks_oak", "uv": [ 0, 0, 7, 1 ] }
            }
        },
        {
            "name": "Cube",
            "from": [ 0, 1, -1 ], 
            "to": [ 8, 4, 0 ], 
            "faces": {
                "north": { "texture": "#planks_oak", "uv": [ 8, 12, 16, 15 ] },
                "east": { "texture": "#planks_oak", "uv": [ 0, 0, 1, 3 ] },
                "west": { "texture": "#planks_oak", "uv": [ 0, 0, 1, 3 ] },
                "up": { "texture": "#planks_oak", "uv": [ 0, 0, 8, 1 ] },
                "down": { "texture": "#planks_oak", "uv": [ 0, 0, 8, 1 ] }
            }
        },
        {
            "name": "Cube",
            "from": [ 0, 9, -1 ], 
            "to": [ 8, 12, 0 ], 
            "faces": {
                "north": { "texture": "#planks_oak", "uv": [ 8, 4, 16, 7 ] },
                "east": { "texture": "#planks_oak", "uv": [ 0, 0, 1, 3 ] },
                "west": { "texture": "#planks_oak", "uv": [ 0, 0, 1, 3 ] },
                "up": { "texture": "#planks_oak", "uv": [ 0, 0, 8, 1 ] },
                "down": { "texture": "#planks_oak", "uv": [ 0, 0, 8, 1 ] }
            }
        },
        {
            "name": "Cube",
            "from": [ 0, 13, 16 ], 
            "to": [ 15, 16, 17 ], 
            "faces": {
                "east": { "texture": "#planks_oak", "uv": [ 0, 0, 1, 3 ] },
                "south": { "texture": "#planks_oak", "uv": [ 0, 0, 15, 3 ] },
                "west": { "texture": "#planks_oak", "uv": [ 0, 0, 1, 3 ] },
                "up": { "texture": "#planks_oak", "uv": [ 0, 0, 15, 1 ] },
                "down": { "texture": "#planks_oak", "uv": [ 0, 0, 15, 1 ] }
            }
        },
        {
            "name": "Cube",
            "from": [ 0, 5, 16 ], 
            "to": [ 15, 8, 17 ], 
            "faces": {
                "east": { "texture": "#planks_oak", "uv": [ 0, 0, 1, 3 ] },
                "south": { "texture": "#planks_oak", "uv": [ 0, 8, 15, 11 ] },
                "west": { "texture": "#planks_oak", "uv": [ 0, 0, 1, 3 ] },
                "up": { "texture": "#planks_oak", "uv": [ 0, 0, 15, 1 ] },
                "down": { "texture": "#planks_oak", "uv": [ 0, 0, 15, 1 ] }
            }
        },
        {
            "name": "Cube",
            "from": [ 0, 9, 16 ], 
            "to": [ 7, 12, 17 ], 
            "faces": {
                "east": { "texture": "#planks_oak", "uv": [ 0, 0, 1, 3 ] },
                "south": { "texture": "#planks_oak", "uv": [ 0, 4, 7, 7 ] },
                "west": { "texture": "#planks_oak", "uv": [ 0, 0, 1, 3 ] },
                "up": { "texture": "#planks_oak", "uv": [ 0, 0, 7, 1 ] },
                "down": { "texture": "#planks_oak", "uv": [ 0, 0, 7, 1 ] }
            }
        },
        {
            "name": "Cube",
            "from": [ 0, 1, 16 ], 
            "to": [ 7, 4, 17 ], 
            "faces": {
                "east": { "texture": "#planks_oak", "uv": [ 0, 0, 1, 3 ] },
                "south": { "texture": "#planks_oak", "uv": [ 0, 12, 7, 15 ] },
                "west": { "texture": "#planks_oak", "uv": [ 0, 0, 1, 3 ] },
                "up": { "texture": "#planks_oak", "uv": [ 0, 0, 7, 1 ] },
                "down": { "texture": "#planks_oak", "uv": [ 0, 0, 7, 1 ] }
            }
        },
        {
            "name": "Cube",
            "from": [ 8, 1, 16 ], 
            "to": [ 16, 4, 17 ], 
            "faces": {
                "east": { "texture": "#planks_oak", "uv": [ 0, 0, 1, 3 ] },
                "south": { "texture": "#planks_oak", "uv": [ 8, 12, 16, 15 ] },
                "west": { "texture": "#planks_oak", "uv": [ 0, 0, 1, 3 ] },
                "up": { "texture": "#planks_oak", "uv": [ 0, 0, 8, 1 ] },
                "down": { "texture": "#planks_oak", "uv": [ 0, 0, 8, 1 ] }
            }
        },
        {
            "name": "Cube",
            "from": [ 8, 9, 16 ], 
            "to": [ 16, 12, 17 ], 
            "faces": {
                "east": { "texture": "#planks_oak", "uv": [ 0, 0, 1, 3 ] },
                "south": { "texture": "#planks_oak", "uv": [ 8, 4, 16, 7 ] },
                "west": { "texture": "#planks_oak", "uv": [ 0, 0, 1, 3 ] },
                "up": { "texture": "#planks_oak", "uv": [ 0, 0, 8, 1 ] },
                "down": { "texture": "#planks_oak", "uv": [ 0, 0, 8, 1 ] }
            }
        },
        {
            "name": "Cube",
            "from": [ -1, 13, 0 ], 
            "to": [ 0, 16, 15 ], 
            "faces": {
                "north": { "texture": "#planks_oak", "uv": [ 0, 0, 1, 3 ] },
                "south": { "texture": "#planks_oak", "uv": [ 0, 0, 1, 3 ] },
                "west": { "texture": "#planks_oak", "uv": [ 0, 0, 15, 3 ] },
                "up": { "texture": "#planks_oak", "uv": [ 0, 0, 1, 15 ] },
                "down": { "texture": "#planks_oak", "uv": [ 0, 0, 1, 15 ] }
            }
        },
        {
            "name": "Cube",
            "from": [ -1, 5, 0 ], 
            "to": [ 0, 8, 15 ], 
            "faces": {
                "north": { "texture": "#planks_oak", "uv": [ 0, 0, 1, 3 ] },
                "south": { "texture": "#planks_oak", "uv": [ 0, 0, 1, 3 ] },
                "west": { "texture": "#planks_oak", "uv": [ 0, 8, 15, 11 ] },
                "up": { "texture": "#planks_oak", "uv": [ 0, 0, 1, 15 ] },
                "down": { "texture": "#planks_oak", "uv": [ 0, 0, 1, 15 ] }
            }
        },
        {
            "name": "Cube",
            "from": [ -1, 9, 0 ], 
            "to": [ 0, 12, 7 ], 
            "faces": {
                "north": { "texture": "#planks_oak", "uv": [ 0, 0, 1, 3 ] },
                "south": { "texture": "#planks_oak", "uv": [ 0, 0, 1, 3 ] },
                "west": { "texture": "#planks_oak", "uv": [ 0, 4, 7, 7 ] },
                "up": { "texture": "#planks_oak", "uv": [ 0, 0, 1, 7 ] },
                "down": { "texture": "#planks_oak", "uv": [ 0, 0, 1, 7 ] }
            }
        },
        {
            "name": "Cube",
            "from": [ -1, 9, 8 ], 
            "to": [ 0, 12, 16 ], 
            "faces": {
                "north": { "texture": "#planks_oak", "uv": [ 0, 0, 1, 3 ] },
                "south": { "texture": "#planks_oak", "uv": [ 0, 0, 1, 3 ] },
                "west": { "texture": "#planks_oak", "uv": [ 8, 4, 16, 7 ] },
                "up": { "texture": "#planks_oak", "uv": [ 0, 0, 1, 8 ] },
                "down": { "texture": "#planks_oak", "uv": [ 0, 0, 1, 8 ] }
            }
        },
        {
            "name": "Cube",
            "from": [ -1, 1, 8 ], 
            "to": [ 0, 4, 16 ], 
            "faces": {
                "north": { "texture": "#planks_oak", "uv": [ 0, 0, 1, 3 ] },
                "south": { "texture": "#planks_oak", "uv": [ 0, 0, 1, 3 ] },
                "west": { "texture": "#planks_oak", "uv": [ 8, 12, 16, 15 ] },
                "up": { "texture": "#planks_oak", "uv": [ 0, 0, 1, 8 ] },
                "down": { "texture": "#planks_oak", "uv": [ 0, 0, 1, 8 ] }
            }
        },
        {
            "name": "Cube",
            "from": [ -1, 1, 0 ], 
            "to": [ 0, 4, 7 ], 
            "faces": {
                "north": { "texture": "#planks_oak", "uv": [ 0, 0, 1, 3 ] },
                "south": { "texture": "#planks_oak", "uv": [ 0, 0, 1, 3 ] },
                "west": { "texture": "#planks_oak", "uv": [ 0, 12, 7, 15 ] },
                "up": { "texture": "#planks_oak", "uv": [ 0, 0, 1, 7 ] },
                "down": { "texture": "#planks_oak", "uv": [ 0, 0, 1, 7 ] }
            }
        },
        {
            "name": "Cube",
            "from": [ 0, 16, 0 ], 
            "to": [ 15, 17, 3 ], 
            "faces": {
                "north": { "texture": "#planks_oak", "uv": [ 0, 0, 15, 1 ] },
                "east": { "texture": "#planks_oak", "uv": [ 0, 0, 3, 1 ] },
                "south": { "texture": "#planks_oak", "uv": [ 0, 0, 15, 1 ] },
                "west": { "texture": "#planks_oak", "uv": [ 0, 0, 3, 1 ] },
                "up": { "texture": "#planks_oak", "uv": [ 0, 0, 15, 3 ] }
            }
        },
        {
            "name": "Cube",
            "from": [ 0, 16, 8 ], 
            "to": [ 15, 17, 11 ], 
            "faces": {
                "north": { "texture": "#planks_oak", "uv": [ 0, 0, 15, 1 ] },
                "east": { "texture": "#planks_oak", "uv": [ 0, 0, 3, 1 ] },
                "south": { "texture": "#planks_oak", "uv": [ 0, 0, 15, 1 ] },
                "west": { "texture": "#planks_oak", "uv": [ 0, 0, 3, 1 ] },
                "up": { "texture": "#planks_oak", "uv": [ 0, 8, 15, 11 ] }
            }
        },
        {
            "name": "Cube",
            "from": [ 0, 16, 4 ], 
            "to": [ 7, 17, 7 ], 
            "faces": {
                "north": { "texture": "#planks_oak", "uv": [ 0, 0, 7, 1 ] },
                "east": { "texture": "#planks_oak", "uv": [ 0, 0, 3, 1 ] },
                "south": { "texture": "#planks_oak", "uv": [ 0, 0, 7, 1 ] },
                "west": { "texture": "#planks_oak", "uv": [ 0, 0, 3, 1 ] },
                "up": { "texture": "#planks_oak", "uv": [ 0, 4, 7, 7 ] }
            }
        },
        {
            "name": "Cube",
            "from": [ 0, 16, 12 ], 
            "to": [ 7, 17, 15 ], 
            "faces": {
                "north": { "texture": "#planks_oak", "uv": [ 0, 0, 7, 1 ] },
                "east": { "texture": "#planks_oak", "uv": [ 0, 0, 3, 1 ] },
                "south": { "texture": "#planks_oak", "uv": [ 0, 0, 7, 1 ] },
                "west": { "texture": "#planks_oak", "uv": [ 0, 0, 3, 1 ] },
                "up": { "texture": "#planks_oak", "uv": [ 0, 12, 7, 15 ] }
            }
        },
        {
            "name": "Cube",
            "from": [ 8, 16, 12 ], 
            "to": [ 16, 17, 15 ], 
            "faces": {
                "north": { "texture": "#planks_oak", "uv": [ 0, 0, 8, 1 ] },
                "east": { "texture": "#planks_oak", "uv": [ 0, 0, 3, 1 ] },
                "south": { "texture": "#planks_oak", "uv": [ 0, 0, 8, 1 ] },
                "west": { "texture": "#planks_oak", "uv": [ 0, 0, 3, 1 ] },
                "up": { "texture": "#planks_oak", "uv": [ 8, 12, 16, 15 ] }
            }
        },
        {
            "name": "Cube",
            "from": [ 8, 16, 4 ], 
            "to": [ 16, 17, 7 ], 
            "faces": {
                "north": { "texture": "#planks_oak", "uv": [ 0, 0, 8, 1 ] },
                "east": { "texture": "#planks_oak", "uv": [ 0, 0, 3, 1 ] },
                "south": { "texture": "#planks_oak", "uv": [ 0, 0, 8, 1 ] },
                "west": { "texture": "#planks_oak", "uv": [ 0, 0, 3, 1 ] },
                "up": { "texture": "#planks_oak", "uv": [ 8, 4, 16, 7 ] }
            }
        }
    ]
}